,name,merchant,price,url,description,image
0,BCBGeneration Satin Piped Long Vest,BCBGeneration,59.0,https://click.linksynergy.com/link?id=qPknzHQ/PmE&offerid=498776.14055837260&type=2&murl=https%3A%2F%2Fwww.bcbgeneration.com%2FZXD4K356-001.html,BCBGeneration Satin Piped Long Vest,https://www.bcbgeneration.com/dw/image/v2/AAXX_PRD/on/demandware.static/-/Sites-bcbgeneration-site-catalog/default/dwf9cf1c76/images/large/ZXD4K356_001.jpg?sw=500&sh=791&sm=fit
1,BCBGeneration Seamed Ponte Legging,BCBGeneration,44.0,https://click.linksynergy.com/link?id=qPknzHQ/PmE&offerid=498776.14055837260&type=2&murl=https%3A%2F%2Fwww.bcbgeneration.com%2FZXD4K356-001.html,BCBGeneration Seamed Ponte Legging,https://www.bcbgeneration.com/dw/image/v2/AAXX_PRD/on/demandware.static/-/Sites-bcbgeneration-site-catalog/default/dwf9cf1c76/images/large/ZXD4K356_001.jpg?sw=500&sh=791&sm=fit
2,BCBGeneration Satin Piped Long Vest,BCBGeneration,59.0,https://click.linksynergy.com/link?id=qPknzHQ/PmE&offerid=498776.14055837260&type=2&murl=https%3A%2F%2Fwww.bcbgeneration.com%2FZXD4K356-001.html,BCBGeneration Satin Piped Long Vest,https://www.bcbgeneration.com/dw/image/v2/AAXX_PRD/on/demandware.static/-/Sites-bcbgeneration-site-catalog/default/dwf9cf1c76/images/large/ZXD4K356_001.jpg?sw=500&sh=791&sm=fit
3,BCBGeneration Rebellion Wrap Top,BCBGeneration,39.0,https://click.linksynergy.com/link?id=qPknzHQ/PmE&offerid=498776.14055837260&type=2&murl=https%3A%2F%2Fwww.bcbgeneration.com%2FZXD4K356-001.html,BCBGeneration Rebellion Wrap Top,https://www.bcbgeneration.com/dw/image/v2/AAXX_PRD/on/demandware.static/-/Sites-bcbgeneration-site-catalog/default/dwf9cf1c76/images/large/ZXD4K356_001.jpg?sw=500&sh=791&sm=fit
4,BCBGeneration Daisy Eyelet Halter Crop Top,BCBGeneration,68.0,https://click.linksynergy.com/link?id=qPknzHQ/PmE&offerid=498776.14055837207&type=2&murl=https%3A%2F%2Fwww.bcbgeneration.com%2FYIW12A39-6S1.html,BCBGeneration Daisy Eyelet Halter Crop Top,https://www.bcbgeneration.com/dw/image/v2/AAXX_PRD/on/demandware.static/-/Sites-bcbgeneration-site-catalog/default/dwc7b6228c/images/large/YIW12A39_6S1.jpg?sw=500&sh=791&sm=fit
5,BCBGeneration Surplice High-Low Top,BCBGeneration,26.99,https://click.linksynergy.com/link?id=qPknzHQ/PmE&offerid=498776.14055837226&type=2&murl=https%3A%2F%2Fwww.bcbgeneration.com%2FZXR14A49-001.html,BCBGeneration Surplice High-Low Top,https://www.bcbgeneration.com/dw/image/v2/AAXX_PRD/on/demandware.static/-/Sites-bcbgeneration-site-catalog/default/dw7f9caf62/images/large/ZXR14A49_001.jpg?sw=500&sh=791&sm=fit
6,BCBGeneration Surplice High-Low Top,BCBGeneration,26.99,https://click.linksynergy.com/link?id=qPknzHQ/PmE&offerid=498776.14055837231&type=2&murl=https%3A%2F%2Fwww.bcbgeneration.com%2FZXR14A49-001.html,BCBGeneration Surplice High-Low Top,https://www.bcbgeneration.com/dw/image/v2/AAXX_PRD/on/demandware.static/-/Sites-bcbgeneration-site-catalog/default/dw7f9caf62/images/large/ZXR14A49_001.jpg?sw=500&sh=791&sm=fit
7,BCBGeneration Surplice High-Low Top,BCBGeneration,26.99,https://click.linksynergy.com/link?id=qPknzHQ/PmE&offerid=498776.14055837229&type=2&murl=https%3A%2F%2Fwww.bcbgeneration.com%2FZXR14A49-001.html,BCBGeneration Surplice High-Low Top,https://www.bcbgeneration.com/dw/image/v2/AAXX_PRD/on/demandware.static/-/Sites-bcbgeneration-site-catalog/default/dw7f9caf62/images/large/ZXR14A49_001.jpg?sw=500&sh=791&sm=fit
8,BCBGeneration Back Lace-Up Legging,BCBGeneration,29.0,https://click.linksynergy.com/link?id=qPknzHQ/PmE&offerid=498776.14055837158&type=2&murl=https%3A%2F%2Fwww.bcbgeneration.com%2FBGEN1001-001.html,BCBGeneration Back Lace-Up Legging,https://www.bcbgeneration.com/dw/image/v2/AAXX_PRD/on/demandware.static/-/Sites-bcbgeneration-site-catalog/default/dw329caf6b/images/large/BGEN1001_001.jpg?sw=500&sh=791&sm=fit
9,BCBGeneration High-Low Mesh Tank,BCBGeneration,24.0,https://click.linksynergy.com/link?id=qPknzHQ/PmE&offerid=498776.14055837165&type=2&murl=https%3A%2F%2Fwww.bcbgeneration.com%2FBGEN2003-001.html,BCBGeneration High-Low Mesh Tank,https://www.bcbgeneration.com/dw/image/v2/AAXX_PRD/on/demandware.static/-/Sites-bcbgeneration-site-catalog/default/dw89527da4/images/large/BGEN2003_001.jpg?sw=500&sh=791&sm=fit
10,BCBGeneration High-Low Mesh Tank,BCBGeneration,24.0,https://click.linksynergy.com/link?id=qPknzHQ/PmE&offerid=498776.14055837169&type=2&murl=https%3A%2F%2Fwww.bcbgeneration.com%2FBGEN2003-001.html,BCBGeneration High-Low Mesh Tank,https://www.bcbgeneration.com/dw/image/v2/AAXX_PRD/on/demandware.static/-/Sites-bcbgeneration-site-catalog/default/dw89527da4/images/large/BGEN2003_001.jpg?sw=500&sh=791&sm=fit
11,BCBGeneration High-Low Mesh Tank,BCBGeneration,24.0,https://click.linksynergy.com/link?id=qPknzHQ/PmE&offerid=498776.14055837173&type=2&murl=https%3A%2F%2Fwww.bcbgeneration.com%2FBGEN2003-001.html,BCBGeneration High-Low Mesh Tank,https://www.bcbgeneration.com/dw/image/v2/AAXX_PRD/on/demandware.static/-/Sites-bcbgeneration-site-catalog/default/dw89527da4/images/large/BGEN2003_001.jpg?sw=500&sh=791&sm=fit
12,BCBGeneration Back Lace-Up Legging,BCBGeneration,29.0,https://click.linksynergy.com/link?id=qPknzHQ/PmE&offerid=498776.14055837159&type=2&murl=https%3A%2F%2Fwww.bcbgeneration.com%2FBGEN1001-041.html,BCBGeneration Back Lace-Up Legging,https://www.bcbgeneration.com/dw/image/v2/AAXX_PRD/on/demandware.static/-/Sites-bcbgeneration-site-catalog/default/dw7132d28d/images/large/BGEN1001_041.jpg?sw=500&sh=791&sm=fit
13,BCBGeneration Graphic Floral Robe Jacket,BCBGeneration,59.0,https://click.linksynergy.com/link?id=qPknzHQ/PmE&offerid=498776.13984239392&type=2&murl=https%3A%2F%2Fwww.bcbgeneration.com%2FZOI4169949-977.html,BCBGeneration Graphic Floral Robe Jacket,https://www.bcbgeneration.com/dw/image/v2/AAXX_PRD/on/demandware.static/-/Sites-bcbgeneration-site-catalog/default/dwfdfdf78e/images/large/ZOI4169949_977.jpg?sw=500&sh=791&sm=fit
14,BCBGeneration Off The Shoulder Crop Top,BCBGeneration,23.99,https://click.linksynergy.com/link?id=qPknzHQ/PmE&offerid=498776.13612754011&type=2&murl=https%3A%2F%2Fwww.bcbgeneration.com%2FZRL1169650-001.html,BCBGeneration Off The Shoulder Crop Top,https://www.bcbgeneration.com/dw/image/v2/AAXX_PRD/on/demandware.static/-/Sites-bcbgeneration-site-catalog/default/dw4f5e1f1f/images/large/ZRL1169650_001.jpg?sw=500&sh=791&sm=fit
15,BCBGeneration Back Lace-Up Legging,BCBGeneration,29.0,https://click.linksynergy.com/link?id=qPknzHQ/PmE&offerid=498776.13439825528&type=2&murl=https%3A%2F%2Fwww.bcbgeneration.com%2FBGEN1001-001.html,BCBGeneration Back Lace-Up Legging,https://www.bcbgeneration.com/dw/image/v2/AAXX_PRD/on/demandware.static/-/Sites-bcbgeneration-site-catalog/default/dw329caf6b/images/large/BGEN1001_001.jpg?sw=500&sh=791&sm=fit
16,BCBGeneration Back Lace-Up Legging,BCBGeneration,29.0,https://click.linksynergy.com/link?id=qPknzHQ/PmE&offerid=498776.13439825579&type=2&murl=https%3A%2F%2Fwww.bcbgeneration.com%2FBGEN1001-001.html,BCBGeneration Back Lace-Up Legging,https://www.bcbgeneration.com/dw/image/v2/AAXX_PRD/on/demandware.static/-/Sites-bcbgeneration-site-catalog/default/dw329caf6b/images/large/BGEN1001_001.jpg?sw=500&sh=791&sm=fit
17,BCBGeneration Floral Palazzo Pant,BCBGeneration,29.99,https://click.linksynergy.com/link?id=qPknzHQ/PmE&offerid=498776.13682078225&type=2&murl=https%3A%2F%2Fwww.bcbgeneration.com%2FZOI2188117-977.html,BCBGeneration Floral Palazzo Pant,https://www.bcbgeneration.com/dw/image/v2/AAXX_PRD/on/demandware.static/-/Sites-bcbgeneration-site-catalog/default/dw1efa0a05/images/large/ZOI2188117_977.jpg?sw=500&sh=791&sm=fit
18,BCBGeneration Faux Shearling Long Vest,BCBGeneration,69.0,https://click.linksynergy.com/link?id=qPknzHQ/PmE&offerid=498776.13627213632&type=2&murl=https%3A%2F%2Fwww.bcbgeneration.com%2FZNW4196073-900.html,BCBGeneration Faux Shearling Long Vest,https://www.bcbgeneration.com/dw/image/v2/AAXX_PRD/on/demandware.static/-/Sites-bcbgeneration-site-catalog/default/dw541bcec3/images/large/ZNW4196073_900.jpg?sw=500&sh=791&sm=fit
19,BCBGeneration Nighttime Stardust Blouson Top,BCBGeneration,29.99,https://click.linksynergy.com/link?id=qPknzHQ/PmE&offerid=498776.13612754001&type=2&murl=https%3A%2F%2Fwww.bcbgeneration.com%2FZNP1169657-001.html,BCBGeneration Nighttime Stardust Blouson Top,https://www.bcbgeneration.com/dw/image/v2/AAXX_PRD/on/demandware.static/-/Sites-bcbgeneration-site-catalog/default/dw41ee4a68/images/large/ZNP1169657_001.jpg?sw=500&sh=791&sm=fit
20,BCBGeneration One Shoulder Asymmetric Ruffle Top,BCBGeneration,39.0,https://click.linksynergy.com/link?id=qPknzHQ/PmE&offerid=498776.13682078187&type=2&murl=https%3A%2F%2Fwww.bcbgeneration.com%2FWQO1169654-001.html,BCBGeneration One Shoulder Asymmetric Ruffle Top,https://www.bcbgeneration.com/dw/image/v2/AAXX_PRD/on/demandware.static/-/Sites-bcbgeneration-site-catalog/default/dwe4b890d9/images/large/WQO1169654_001.jpg?sw=500&sh=791&sm=fit
21,BCBGeneration Faux Shearling Long Vest,BCBGeneration,69.0,https://click.linksynergy.com/link?id=qPknzHQ/PmE&offerid=498776.13627213635&type=2&murl=https%3A%2F%2Fwww.bcbgeneration.com%2FZNW4196073-900.html,BCBGeneration Faux Shearling Long Vest,https://www.bcbgeneration.com/dw/image/v2/AAXX_PRD/on/demandware.static/-/Sites-bcbgeneration-site-catalog/default/dw541bcec3/images/large/ZNW4196073_900.jpg?sw=500&sh=791&sm=fit
22,BCBGeneration Double Breasted Long Vest,BCBGeneration,64.0,https://click.linksynergy.com/link?id=qPknzHQ/PmE&offerid=498776.13812069513&type=2&murl=https%3A%2F%2Fwww.bcbgeneration.com%2FZDM4172794-977.html,BCBGeneration Double Breasted Long Vest,https://www.bcbgeneration.com/dw/image/v2/AAXX_PRD/on/demandware.static/-/Sites-bcbgeneration-site-catalog/default/dw5e819cdb/images/large/ZDM4172794_977.jpg?sw=500&sh=791&sm=fit
23,BCBGeneration Surplice Knit Crop Top,BCBGeneration,20.99,https://click.linksynergy.com/link?id=qPknzHQ/PmE&offerid=498776.13682078206&type=2&murl=https%3A%2F%2Fwww.bcbgeneration.com%2FYDM1169934-501.html,BCBGeneration Surplice Knit Crop Top,https://www.bcbgeneration.com/dw/image/v2/AAXX_PRD/on/demandware.static/-/Sites-bcbgeneration-site-catalog/default/dw0accec67/images/large/YDM1169934_501.jpg?sw=500&sh=791&sm=fit
24,BCBGeneration Surplice Knit Crop Top,BCBGeneration,20.99,https://click.linksynergy.com/link?id=qPknzHQ/PmE&offerid=498776.13682078204&type=2&murl=https%3A%2F%2Fwww.bcbgeneration.com%2FYDM1169934-501.html,BCBGeneration Surplice Knit Crop Top,https://www.bcbgeneration.com/dw/image/v2/AAXX_PRD/on/demandware.static/-/Sites-bcbgeneration-site-catalog/default/dw0accec67/images/large/YDM1169934_501.jpg?sw=500&sh=791&sm=fit
25,BCBGeneration One Shoulder Asymmetric Ruffle Top,BCBGeneration,39.0,https://click.linksynergy.com/link?id=qPknzHQ/PmE&offerid=498776.13682078180&type=2&murl=https%3A%2F%2Fwww.bcbgeneration.com%2FWQO1169654-001.html,BCBGeneration One Shoulder Asymmetric Ruffle Top,https://www.bcbgeneration.com/dw/image/v2/AAXX_PRD/on/demandware.static/-/Sites-bcbgeneration-site-catalog/default/dwe4b890d9/images/large/WQO1169654_001.jpg?sw=500&sh=791&sm=fit
26,BCBGeneration Graphic Floral Robe Jacket,BCBGeneration,59.0,https://click.linksynergy.com/link?id=qPknzHQ/PmE&offerid=498776.13984239407&type=2&murl=https%3A%2F%2Fwww.bcbgeneration.com%2FZOI4169949-977.html,BCBGeneration Graphic Floral Robe Jacket,https://www.bcbgeneration.com/dw/image/v2/AAXX_PRD/on/demandware.static/-/Sites-bcbgeneration-site-catalog/default/dwfdfdf78e/images/large/ZOI4169949_977.jpg?sw=500&sh=791&sm=fit
27,BCBGeneration Back Lace-Up Legging,BCBGeneration,29.0,https://click.linksynergy.com/link?id=qPknzHQ/PmE&offerid=498776.13439825582&type=2&murl=https%3A%2F%2Fwww.bcbgeneration.com%2FBGEN1001-041.html,BCBGeneration Back Lace-Up Legging,https://www.bcbgeneration.com/dw/image/v2/AAXX_PRD/on/demandware.static/-/Sites-bcbgeneration-site-catalog/default/dw7132d28d/images/large/BGEN1001_041.jpg?sw=500&sh=791&sm=fit
28,BCBGeneration Long Sleeve Ruffle Shirt,BCBGeneration,49.0,https://click.linksynergy.com/link?id=qPknzHQ/PmE&offerid=498776.13426989552&type=2&murl=https%3A%2F%2Fwww.bcbgeneration.com%2FTNW16A87-110.html,BCBGeneration Long Sleeve Ruffle Shirt,https://www.bcbgeneration.com/dw/image/v2/AAXX_PRD/on/demandware.static/-/Sites-bcbgeneration-site-catalog/default/dwae85c81f/images/large/TNW16A87_110.jpg?sw=500&sh=791&sm=fit
29,BCBGeneration Faux Shearling Long Vest,BCBGeneration,69.0,https://click.linksynergy.com/link?id=qPknzHQ/PmE&offerid=498776.13627213628&type=2&murl=https%3A%2F%2Fwww.bcbgeneration.com%2FZNW4196073-900.html,BCBGeneration Faux Shearling Long Vest,https://www.bcbgeneration.com/dw/image/v2/AAXX_PRD/on/demandware.static/-/Sites-bcbgeneration-site-catalog/default/dw541bcec3/images/large/ZNW4196073_900.jpg?sw=500&sh=791&sm=fit
30,BCBGeneration Metallic Knit Peplum Jacket,BCBGeneration,59.0,https://click.linksynergy.com/link?id=qPknzHQ/PmE&offerid=498776.13682078196&type=2&murl=https%3A%2F%2Fwww.bcbgeneration.com%2FZSG4169941-001.html,BCBGeneration Metallic Knit Peplum Jacket,https://www.bcbgeneration.com/dw/image/v2/AAXX_PRD/on/demandware.static/-/Sites-bcbgeneration-site-catalog/default/dw04d1bddb/images/large/ZSG4169941_001.jpg?sw=500&sh=791&sm=fit
31,BCBGeneration Plaid Ruffle Shirt,BCBGeneration,49.0,https://click.linksynergy.com/link?id=qPknzHQ/PmE&offerid=498776.13420100733&type=2&murl=https%3A%2F%2Fwww.bcbgeneration.com%2FDPA16A87-T6N.html,BCBGeneration Plaid Ruffle Shirt,https://www.bcbgeneration.com/dw/image/v2/AAXX_PRD/on/demandware.static/-/Sites-bcbgeneration-site-catalog/default/dwe2ee2709/images/large/DPA16A87_T6N.jpg?sw=500&sh=791&sm=fit
32,BCBGeneration Faux Shearling Long Vest,BCBGeneration,69.0,https://click.linksynergy.com/link?id=qPknzHQ/PmE&offerid=498776.13627213631&type=2&murl=https%3A%2F%2Fwww.bcbgeneration.com%2FZNW4196073-900.html,BCBGeneration Faux Shearling Long Vest,https://www.bcbgeneration.com/dw/image/v2/AAXX_PRD/on/demandware.static/-/Sites-bcbgeneration-site-catalog/default/dw541bcec3/images/large/ZNW4196073_900.jpg?sw=500&sh=791&sm=fit
33,BCBGeneration Graphic Floral Robe Jacket,BCBGeneration,59.0,https://click.linksynergy.com/link?id=qPknzHQ/PmE&offerid=498776.13984239388&type=2&murl=https%3A%2F%2Fwww.bcbgeneration.com%2FZOI4169949-977.html,BCBGeneration Graphic Floral Robe Jacket,https://www.bcbgeneration.com/dw/image/v2/AAXX_PRD/on/demandware.static/-/Sites-bcbgeneration-site-catalog/default/dwfdfdf78e/images/large/ZOI4169949_977.jpg?sw=500&sh=791&sm=fit
34,BCBGeneration Surplice Knit Crop Top,BCBGeneration,20.99,https://click.linksynergy.com/link?id=qPknzHQ/PmE&offerid=498776.13682078202&type=2&murl=https%3A%2F%2Fwww.bcbgeneration.com%2FYDM1169934-501.html,BCBGeneration Surplice Knit Crop Top,https://www.bcbgeneration.com/dw/image/v2/AAXX_PRD/on/demandware.static/-/Sites-bcbgeneration-site-catalog/default/dw0accec67/images/large/YDM1169934_501.jpg?sw=500&sh=791&sm=fit
35,BCBGeneration Graphic Floral Robe Jacket,BCBGeneration,59.0,https://click.linksynergy.com/link?id=qPknzHQ/PmE&offerid=498776.13984239395&type=2&murl=https%3A%2F%2Fwww.bcbgeneration.com%2FZOI4169949-977.html,BCBGeneration Graphic Floral Robe Jacket,https://www.bcbgeneration.com/dw/image/v2/AAXX_PRD/on/demandware.static/-/Sites-bcbgeneration-site-catalog/default/dwfdfdf78e/images/large/ZOI4169949_977.jpg?sw=500&sh=791&sm=fit
36,BCBGeneration Off The Shoulder Crop Top,BCBGeneration,23.99,https://click.linksynergy.com/link?id=qPknzHQ/PmE&offerid=498776.13612754013&type=2&murl=https%3A%2F%2Fwww.bcbgeneration.com%2FZRL1169650-001.html,BCBGeneration Off The Shoulder Crop Top,https://www.bcbgeneration.com/dw/image/v2/AAXX_PRD/on/demandware.static/-/Sites-bcbgeneration-site-catalog/default/dw4f5e1f1f/images/large/ZRL1169650_001.jpg?sw=500&sh=791&sm=fit
37,BCBGeneration Off The Shoulder Crop Top,BCBGeneration,23.99,https://click.linksynergy.com/link?id=qPknzHQ/PmE&offerid=498776.13612754007&type=2&murl=https%3A%2F%2Fwww.bcbgeneration.com%2FZRL1169650-001.html,BCBGeneration Off The Shoulder Crop Top,https://www.bcbgeneration.com/dw/image/v2/AAXX_PRD/on/demandware.static/-/Sites-bcbgeneration-site-catalog/default/dw4f5e1f1f/images/large/ZRL1169650_001.jpg?sw=500&sh=791&sm=fit
38,BCBGeneration Striped Crop Trouser,BCBGeneration,26.99,https://click.linksynergy.com/link?id=qPknzHQ/PmE&offerid=498776.13426989501&type=2&murl=https%3A%2F%2Fwww.bcbgeneration.com%2FZZQ2H140-003.html,BCBGeneration Striped Crop Trouser,https://www.bcbgeneration.com/dw/image/v2/AAXX_PRD/on/demandware.static/-/Sites-bcbgeneration-site-catalog/default/dw77b95f2e/images/large/ZZQ2H140_003.jpg?sw=500&sh=791&sm=fit
39,BCBGeneration Long Sleeve Ruffle Shirt,BCBGeneration,49.0,https://click.linksynergy.com/link?id=qPknzHQ/PmE&offerid=498776.13426989554&type=2&murl=https%3A%2F%2Fwww.bcbgeneration.com%2FTNW16A87-110.html,BCBGeneration Long Sleeve Ruffle Shirt,https://www.bcbgeneration.com/dw/image/v2/AAXX_PRD/on/demandware.static/-/Sites-bcbgeneration-site-catalog/default/dwae85c81f/images/large/TNW16A87_110.jpg?sw=500&sh=791&sm=fit
40,BCBGeneration Cheetah Jacquard Crop Top,BCBGeneration,34.0,https://click.linksynergy.com/link?id=qPknzHQ/PmE&offerid=498776.13446092671&type=2&murl=https%3A%2F%2Fwww.bcbgeneration.com%2FZVT16A76-001.html,BCBGeneration Cheetah Jacquard Crop Top,https://www.bcbgeneration.com/dw/image/v2/AAXX_PRD/on/demandware.static/-/Sites-bcbgeneration-site-catalog/default/dw8f0884c3/images/large/ZVT16A76_001.jpg?sw=500&sh=791&sm=fit
41,BCBGeneration One Shoulder Asymmetric Ruffle Top,BCBGeneration,39.0,https://click.linksynergy.com/link?id=qPknzHQ/PmE&offerid=498776.13682078182&type=2&murl=https%3A%2F%2Fwww.bcbgeneration.com%2FWQO1169654-001.html,BCBGeneration One Shoulder Asymmetric Ruffle Top,https://www.bcbgeneration.com/dw/image/v2/AAXX_PRD/on/demandware.static/-/Sites-bcbgeneration-site-catalog/default/dwe4b890d9/images/large/WQO1169654_001.jpg?sw=500&sh=791&sm=fit
42,BCBGeneration Graphic Floral Robe Jacket,BCBGeneration,59.0,https://click.linksynergy.com/link?id=qPknzHQ/PmE&offerid=498776.13984239400&type=2&murl=https%3A%2F%2Fwww.bcbgeneration.com%2FZOI4169949-977.html,BCBGeneration Graphic Floral Robe Jacket,https://www.bcbgeneration.com/dw/image/v2/AAXX_PRD/on/demandware.static/-/Sites-bcbgeneration-site-catalog/default/dwfdfdf78e/images/large/ZOI4169949_977.jpg?sw=500&sh=791&sm=fit
43,BCBGeneration Surplice Knit Crop Top,BCBGeneration,20.99,https://click.linksynergy.com/link?id=qPknzHQ/PmE&offerid=498776.13682078200&type=2&murl=https%3A%2F%2Fwww.bcbgeneration.com%2FYDM1169934-501.html,BCBGeneration Surplice Knit Crop Top,https://www.bcbgeneration.com/dw/image/v2/AAXX_PRD/on/demandware.static/-/Sites-bcbgeneration-site-catalog/default/dw0accec67/images/large/YDM1169934_501.jpg?sw=500&sh=791&sm=fit
44,BCBGeneration Denim Military Cap,BCBGeneration,28.0,https://click.linksynergy.com/link?id=qPknzHQ/PmE&offerid=498776.14053144151&type=2&murl=https%3A%2F%2Fwww.bcbgeneration.com%2FHG141922-118.html,BCBGeneration Denim Military Cap,https://www.bcbgeneration.com/dw/image/v2/AAXX_PRD/on/demandware.static/-/Sites-bcbgeneration-site-catalog/default/dw48a8d152/images/large/HG141922_118.jpg?sw=500&sh=791&sm=fit
45,BCBGeneration Denim Military Cap,BCBGeneration,28.0,https://click.linksynergy.com/link?id=qPknzHQ/PmE&offerid=498776.14053144147&type=2&murl=https%3A%2F%2Fwww.bcbgeneration.com%2FHG141922-001.html,BCBGeneration Denim Military Cap,https://www.bcbgeneration.com/dw/image/v2/AAXX_PRD/on/demandware.static/-/Sites-bcbgeneration-site-catalog/default/dw0f236454/images/large/HG141922_001.jpg?sw=500&sh=791&sm=fit
46,BCBGeneration Pleather Stripe Legging,BCBGeneration,38.99,https://click.linksynergy.com/link?id=qPknzHQ/PmE&offerid=498776.14053144111&type=2&murl=https%3A%2F%2Fwww.bcbgeneration.com%2FXGN2185502-001.html,BCBGeneration Pleather Stripe Legging,https://www.bcbgeneration.com/dw/image/v2/AAXX_PRD/on/demandware.static/-/Sites-bcbgeneration-site-catalog/default/dwa2351b9b/images/large/XGN2185502_001.jpg?sw=500&sh=791&sm=fit
47,BCBGeneration Your Loss Muscle Tee,BCBGeneration,23.99,https://click.linksynergy.com/link?id=qPknzHQ/PmE&offerid=498776.14053144139&type=2&murl=https%3A%2F%2Fwww.bcbgeneration.com%2FTZA1220936-100.html,BCBGeneration Your Loss Muscle Tee,https://www.bcbgeneration.com/dw/image/v2/AAXX_PRD/on/demandware.static/-/Sites-bcbgeneration-site-catalog/default/dw2af64a29/images/large/TZA1220936_100.jpg?sw=500&sh=791&sm=fit
48,BCBGeneration Metallic Ribbed Sheath Dress,BCBGeneration,49.0,https://click.linksynergy.com/link?id=qPknzHQ/PmE&offerid=498776.14053144103&type=2&murl=https%3A%2F%2Fwww.bcbgeneration.com%2FTXS6185495-285.html,BCBGeneration Metallic Ribbed Sheath Dress,https://www.bcbgeneration.com/dw/image/v2/AAXX_PRD/on/demandware.static/-/Sites-bcbgeneration-site-catalog/default/dw06879604/images/large/TXS6185495_285.jpg?sw=500&sh=791&sm=fit
49,BCBGeneration Mock Neck Sweater Dress,BCBGeneration,44.0,https://click.linksynergy.com/link?id=qPknzHQ/PmE&offerid=498776.14053144131&type=2&murl=https%3A%2F%2Fwww.bcbgeneration.com%2FOFE6173681-013.html,BCBGeneration Mock Neck Sweater Dress,https://www.bcbgeneration.com/dw/image/v2/AAXX_PRD/on/demandware.static/-/Sites-bcbgeneration-site-catalog/default/dw014bc355/images/large/OFE6173681_013.jpg?sw=500&sh=791&sm=fit
50,BCBGeneration Your Loss Muscle Tee,BCBGeneration,23.99,https://click.linksynergy.com/link?id=qPknzHQ/PmE&offerid=498776.14053144142&type=2&murl=https%3A%2F%2Fwww.bcbgeneration.com%2FTZA1220936-100.html,BCBGeneration Your Loss Muscle Tee,https://www.bcbgeneration.com/dw/image/v2/AAXX_PRD/on/demandware.static/-/Sites-bcbgeneration-site-catalog/default/dw2af64a29/images/large/TZA1220936_100.jpg?sw=500&sh=791&sm=fit
51,BCBGeneration Strappy Surplice Jumpsuit,BCBGeneration,58.99,https://click.linksynergy.com/link?id=qPknzHQ/PmE&offerid=498776.13770208430&type=2&murl=https%3A%2F%2Fwww.bcbgeneration.com%2FZGK9176394-481.html,BCBGeneration Strappy Surplice Jumpsuit,https://www.bcbgeneration.com/dw/image/v2/AAXX_PRD/on/demandware.static/-/Sites-bcbgeneration-site-catalog/default/dwa7202dde/images/large/ZGK9176394_481.jpg?sw=500&sh=791&sm=fit
52,BCBGeneration Strappy Surplice Jumpsuit,BCBGeneration,58.99,https://click.linksynergy.com/link?id=qPknzHQ/PmE&offerid=498776.13770208428&type=2&murl=https%3A%2F%2Fwww.bcbgeneration.com%2FZGK9176394-481.html,BCBGeneration Strappy Surplice Jumpsuit,https://www.bcbgeneration.com/dw/image/v2/AAXX_PRD/on/demandware.static/-/Sites-bcbgeneration-site-catalog/default/dwa7202dde/images/large/ZGK9176394_481.jpg?sw=500&sh=791&sm=fit
53,BCBGeneration Strappy Surplice Jumpsuit,BCBGeneration,58.99,https://click.linksynergy.com/link?id=qPknzHQ/PmE&offerid=498776.13770208427&type=2&murl=https%3A%2F%2Fwww.bcbgeneration.com%2FZGK9176394-481.html,BCBGeneration Strappy Surplice Jumpsuit,https://www.bcbgeneration.com/dw/image/v2/AAXX_PRD/on/demandware.static/-/Sites-bcbgeneration-site-catalog/default/dwa7202dde/images/large/ZGK9176394_481.jpg?sw=500&sh=791&sm=fit
54,BCBGeneration Strappy Surplice Jumpsuit,BCBGeneration,58.99,https://click.linksynergy.com/link?id=qPknzHQ/PmE&offerid=498776.13770208426&type=2&murl=https%3A%2F%2Fwww.bcbgeneration.com%2FZGK9176394-481.html,BCBGeneration Strappy Surplice Jumpsuit,https://www.bcbgeneration.com/dw/image/v2/AAXX_PRD/on/demandware.static/-/Sites-bcbgeneration-site-catalog/default/dwa7202dde/images/large/ZGK9176394_481.jpg?sw=500&sh=791&sm=fit
55,BCBGeneration Strappy Surplice Jumpsuit,BCBGeneration,58.99,https://click.linksynergy.com/link?id=qPknzHQ/PmE&offerid=498776.13770208429&type=2&murl=https%3A%2F%2Fwww.bcbgeneration.com%2FZGK9176394-481.html,BCBGeneration Strappy Surplice Jumpsuit,https://www.bcbgeneration.com/dw/image/v2/AAXX_PRD/on/demandware.static/-/Sites-bcbgeneration-site-catalog/default/dwa7202dde/images/large/ZGK9176394_481.jpg?sw=500&sh=791&sm=fit
56,BCBGeneration Blessed Charm Mesh Bracelet,BCBGeneration,24.0,https://click.linksynergy.com/link?id=qPknzHQ/PmE&offerid=498776.14050007688&type=2&murl=https%3A%2F%2Fwww.bcbgeneration.com%2F19976312K105-105.html,BCBGeneration Blessed Charm Mesh Bracelet,https://www.bcbgeneration.com/dw/image/v2/AAXX_PRD/on/demandware.static/-/Sites-bcbgeneration-site-catalog/default/dwd456966c/images/large/19976312K105_105.jpg?sw=500&sh=791&sm=fit
57,BCBGeneration Blessed Pave Necklace,BCBGeneration,24.0,https://click.linksynergy.com/link?id=qPknzHQ/PmE&offerid=498776.14050007683&type=2&murl=https%3A%2F%2Fwww.bcbgeneration.com%2F20081012K105-105.html,BCBGeneration Blessed Pave Necklace,https://www.bcbgeneration.com/dw/image/v2/AAXX_PRD/on/demandware.static/-/Sites-bcbgeneration-site-catalog/default/dwd8a35943/images/large/20081012K105_105.jpg?sw=500&sh=791&sm=fit
58,BCBGeneration Heartbreaker Stone Stud Earring,BCBGeneration,16.0,https://click.linksynergy.com/link?id=qPknzHQ/PmE&offerid=498776.14050007687&type=2&murl=https%3A%2F%2Fwww.bcbgeneration.com%2F21217912K600-600.html,BCBGeneration Heartbreaker Stone Stud Earring,https://www.bcbgeneration.com/dw/image/v2/AAXX_PRD/on/demandware.static/-/Sites-bcbgeneration-site-catalog/default/dw2c0e3409/images/large/21217912K600_600.jpg?sw=500&sh=791&sm=fit
59,BCBGeneration Love Pave Necklace,BCBGeneration,22.0,https://click.linksynergy.com/link?id=qPknzHQ/PmE&offerid=498776.14050007685&type=2&murl=https%3A%2F%2Fwww.bcbgeneration.com%2F200805RG994-994.html,BCBGeneration Love Pave Necklace,https://www.bcbgeneration.com/dw/image/v2/AAXX_PRD/on/demandware.static/-/Sites-bcbgeneration-site-catalog/default/dwaf4ab1ef/images/large/200805RG994_994.jpg?sw=500&sh=791&sm=fit
60,BCBGeneration Ruffle Sleeve A-Line Dress,BCBGeneration,53.99,https://click.linksynergy.com/link?id=qPknzHQ/PmE&offerid=498776.13753541427&type=2&murl=https%3A%2F%2Fwww.bcbgeneration.com%2FTYD6172714-220.html,BCBGeneration Ruffle Sleeve A-Line Dress,https://www.bcbgeneration.com/dw/image/v2/AAXX_PRD/on/demandware.static/-/Sites-bcbgeneration-site-catalog/default/dw2161aaca/images/large/TYD6172714_220.jpg?sw=500&sh=791&sm=fit
61,BCBGeneration Floral Bustier Top,BCBGeneration,38.99,https://click.linksynergy.com/link?id=qPknzHQ/PmE&offerid=498776.13794946683&type=2&murl=https%3A%2F%2Fwww.bcbgeneration.com%2FZAG1191385-409.html,BCBGeneration Floral Bustier Top,https://www.bcbgeneration.com/dw/image/v2/AAXX_PRD/on/demandware.static/-/Sites-bcbgeneration-site-catalog/default/dwa1a2cdcf/images/large/ZAG1191385_409.jpg?sw=500&sh=791&sm=fit
62,BCBGeneration Tuxedo Surplice Jumpsuit,BCBGeneration,63.99,https://click.linksynergy.com/link?id=qPknzHQ/PmE&offerid=498776.13640850815&type=2&murl=https%3A%2F%2Fwww.bcbgeneration.com%2FGEF9173224-001.html,BCBGeneration Tuxedo Surplice Jumpsuit,https://www.bcbgeneration.com/dw/image/v2/AAXX_PRD/on/demandware.static/-/Sites-bcbgeneration-site-catalog/default/dw79e36d3c/images/large/GEF9173224_001.jpg?sw=500&sh=791&sm=fit
63,BCBGeneration Wild Flower Shift Dress,BCBGeneration,43.99,https://click.linksynergy.com/link?id=qPknzHQ/PmE&offerid=498776.13730162924&type=2&murl=https%3A%2F%2Fwww.bcbgeneration.com%2FZFK6223526-001.html,BCBGeneration Wild Flower Shift Dress,https://www.bcbgeneration.com/dw/image/v2/AAXX_PRD/on/demandware.static/-/Sites-bcbgeneration-site-catalog/default/dw20aef51f/images/large/ZFK6223526_001.jpg?sw=500&sh=791&sm=fit
64,BCBGeneration Herringbone Boyfriend Jacket,BCBGeneration,63.99,https://click.linksynergy.com/link?id=qPknzHQ/PmE&offerid=498776.13875627899&type=2&murl=https%3A%2F%2Fwww.bcbgeneration.com%2FZEC41747831-481.html,BCBGeneration Herringbone Boyfriend Jacket,https://www.bcbgeneration.com/dw/image/v2/AAXX_PRD/on/demandware.static/-/Sites-bcbgeneration-site-catalog/default/dw0bfcf6ff/images/large/ZEC41747831_481.jpg?sw=500&sh=791&sm=fit
65,BCBGeneration Floral Print Bomber Jacket,BCBGeneration,63.99,https://click.linksynergy.com/link?id=qPknzHQ/PmE&offerid=498776.13794946689&type=2&murl=https%3A%2F%2Fwww.bcbgeneration.com%2FZAG4174778-409.html,BCBGeneration Floral Print Bomber Jacket,https://www.bcbgeneration.com/dw/image/v2/AAXX_PRD/on/demandware.static/-/Sites-bcbgeneration-site-catalog/default/dw75d97856/images/large/ZAG4174778_409.jpg?sw=500&sh=791&sm=fit
66,BCBGeneration Cotton Crewneck Pullover Sweater,BCBGeneration,48.99,https://click.linksynergy.com/link?id=qPknzHQ/PmE&offerid=498776.13802856526&type=2&murl=https%3A%2F%2Fwww.bcbgeneration.com%2FOFE5197155-060.html,BCBGeneration Cotton Crewneck Pullover Sweater,https://www.bcbgeneration.com/dw/image/v2/AAXX_PRD/on/demandware.static/-/Sites-bcbgeneration-site-catalog/default/dwaebacb17/images/large/OFE5197155_060.jpg?sw=500&sh=791&sm=fit
67,BCBGeneration Floral Embroidered Skinny Jean,BCBGeneration,48.99,https://click.linksynergy.com/link?id=qPknzHQ/PmE&offerid=498776.13730161583&type=2&murl=https%3A%2F%2Fwww.bcbgeneration.com%2FCWP2197584-482.html,BCBGeneration Floral Embroidered Skinny Jean,https://www.bcbgeneration.com/dw/image/v2/AAXX_PRD/on/demandware.static/-/Sites-bcbgeneration-site-catalog/default/dw7f6320f8/images/large/CWP2197584_482.jpg?sw=500&sh=791&sm=fit
68,BCBGeneration Long Sleeve Ruched Blouse,BCBGeneration,43.99,https://click.linksynergy.com/link?id=qPknzHQ/PmE&offerid=498776.13747300501&type=2&murl=https%3A%2F%2Fwww.bcbgeneration.com%2FTNW1190793-666.html,BCBGeneration Long Sleeve Ruched Blouse,https://www.bcbgeneration.com/dw/image/v2/AAXX_PRD/on/demandware.static/-/Sites-bcbgeneration-site-catalog/default/dwab6f0288/images/large/TNW1190793_666.jpg?sw=500&sh=791&sm=fit
69,BCBGeneration Ree Suede Ankle Boot,BCBGeneration,68.99,https://click.linksynergy.com/link?id=qPknzHQ/PmE&offerid=498776.13854541669&type=2&murl=https%3A%2F%2Fwww.bcbgeneration.com%2FBC971-235.html,BCBGeneration Ree Suede Ankle Boot,https://www.bcbgeneration.com/dw/image/v2/AAXX_PRD/on/demandware.static/-/Sites-bcbgeneration-site-catalog/default/dwf213b14b/images/large/BC971_235.jpg?sw=500&sh=791&sm=fit
70,BCBGeneration Hooded Quilted Anorak Jacket,BCBGeneration,78.99,https://click.linksynergy.com/link?id=qPknzHQ/PmE&offerid=498776.13846857653&type=2&murl=https%3A%2F%2Fwww.bcbgeneration.com%2FM13871BG-100.html,BCBGeneration Hooded Quilted Anorak Jacket,https://www.bcbgeneration.com/dw/image/v2/AAXX_PRD/on/demandware.static/-/Sites-bcbgeneration-site-catalog/default/dw7de05dd3/images/large/M13871BG_100.jpg?sw=500&sh=791&sm=fit
71,BCBGeneration Short Sleeve Poncho Vest,BCBGeneration,53.99,https://click.linksynergy.com/link?id=qPknzHQ/PmE&offerid=498776.13747300491&type=2&murl=https%3A%2F%2Fwww.bcbgeneration.com%2FZAE4220021-666.html,BCBGeneration Short Sleeve Poncho Vest,https://www.bcbgeneration.com/dw/image/v2/AAXX_PRD/on/demandware.static/-/Sites-bcbgeneration-site-catalog/default/dw3675f648/images/large/ZAE4220021_666.jpg?sw=500&sh=791&sm=fit
72,BCBGeneration Funnel Neck Tunic Top,BCBGeneration,43.99,https://click.linksynergy.com/link?id=qPknzHQ/PmE&offerid=498776.13770208425&type=2&murl=https%3A%2F%2Fwww.bcbgeneration.com%2FZAE1175875-001.html,BCBGeneration Funnel Neck Tunic Top,https://www.bcbgeneration.com/dw/image/v2/AAXX_PRD/on/demandware.static/-/Sites-bcbgeneration-site-catalog/default/dwadab8edb/images/large/ZAE1175875_001.jpg?sw=500&sh=791&sm=fit
73,BCBGeneration Paperbag Waist Ankle Pant,BCBGeneration,43.99,https://click.linksynergy.com/link?id=qPknzHQ/PmE&offerid=498776.13770208415&type=2&murl=https%3A%2F%2Fwww.bcbgeneration.com%2FZGK2205393-481.html,BCBGeneration Paperbag Waist Ankle Pant,https://www.bcbgeneration.com/dw/image/v2/AAXX_PRD/on/demandware.static/-/Sites-bcbgeneration-site-catalog/default/dw945d1107/images/large/ZGK2205393_481.jpg?sw=500&sh=791&sm=fit
74,BCBGeneration Herringbone Crop Pant,BCBGeneration,43.99,https://click.linksynergy.com/link?id=qPknzHQ/PmE&offerid=498776.13750756932&type=2&murl=https%3A%2F%2Fwww.bcbgeneration.com%2FZEC2174763-481.html,BCBGeneration Herringbone Crop Pant,https://www.bcbgeneration.com/dw/image/v2/AAXX_PRD/on/demandware.static/-/Sites-bcbgeneration-site-catalog/default/dwdeafaf31/images/large/ZEC2174763_481.jpg?sw=500&sh=791&sm=fit
75,BCBGeneration Metallic Print A-Line Dress,BCBGeneration,53.99,https://click.linksynergy.com/link?id=qPknzHQ/PmE&offerid=498776.13812069528&type=2&murl=https%3A%2F%2Fwww.bcbgeneration.com%2FZMZ6172718-683.html,BCBGeneration Metallic Print A-Line Dress,https://www.bcbgeneration.com/dw/image/v2/AAXX_PRD/on/demandware.static/-/Sites-bcbgeneration-site-catalog/default/dw93bdf416/images/large/ZMZ6172718_683.jpg?sw=500&sh=791&sm=fit
76,BCBGeneration Off The Shoulder Crop Sweater,BCBGeneration,33.99,https://click.linksynergy.com/link?id=qPknzHQ/PmE&offerid=498776.13792174235&type=2&murl=https%3A%2F%2Fwww.bcbgeneration.com%2FZFO1175867-060.html,BCBGeneration Off The Shoulder Crop Sweater,https://www.bcbgeneration.com/dw/image/v2/AAXX_PRD/on/demandware.static/-/Sites-bcbgeneration-site-catalog/default/dwe5b4571e/images/large/ZFO1175867_060.jpg?sw=500&sh=791&sm=fit
77,BCBGeneration Shoulder Tie High-Low Dress,BCBGeneration,53.99,https://click.linksynergy.com/link?id=qPknzHQ/PmE&offerid=498776.13792174246&type=2&murl=https%3A%2F%2Fwww.bcbgeneration.com%2FZFO6174035-060.html,BCBGeneration Shoulder Tie High-Low Dress,https://www.bcbgeneration.com/dw/image/v2/AAXX_PRD/on/demandware.static/-/Sites-bcbgeneration-site-catalog/default/dwd0d97c01/images/large/ZFO6174035_060.jpg?sw=500&sh=791&sm=fit
78,BCBGeneration Metallic Star Jumpsuit,BCBGeneration,63.99,https://click.linksynergy.com/link?id=qPknzHQ/PmE&offerid=498776.13675213764&type=2&murl=https%3A%2F%2Fwww.bcbgeneration.com%2FZLE9185513-682.html,BCBGeneration Metallic Star Jumpsuit,https://www.bcbgeneration.com/dw/image/v2/AAXX_PRD/on/demandware.static/-/Sites-bcbgeneration-site-catalog/default/dwdf0bdf8d/images/large/ZLE9185513_682.jpg?sw=500&sh=791&sm=fit
79,BCBGeneration Off The Shoulder Cable Sweater,BCBGeneration,43.99,https://click.linksynergy.com/link?id=qPknzHQ/PmE&offerid=498776.13794946702&type=2&murl=https%3A%2F%2Fwww.bcbgeneration.com%2FGFQ5174743-481.html,BCBGeneration Off The Shoulder Cable Sweater,https://www.bcbgeneration.com/dw/image/v2/AAXX_PRD/on/demandware.static/-/Sites-bcbgeneration-site-catalog/default/dwa67eec10/images/large/GFQ5174743_481.jpg?sw=500&sh=791&sm=fit
80,BCBGeneration Wild Flower A-Line Dress,BCBGeneration,38.99,https://click.linksynergy.com/link?id=qPknzHQ/PmE&offerid=498776.13730162129&type=2&murl=https%3A%2F%2Fwww.bcbgeneration.com%2FTYP6169828-001.html,BCBGeneration Wild Flower A-Line Dress,https://www.bcbgeneration.com/dw/image/v2/AAXX_PRD/on/demandware.static/-/Sites-bcbgeneration-site-catalog/default/dw6706e141/images/large/TYP6169828_001.jpg?sw=500&sh=791&sm=fit
81,BCBGeneration Long Sleeve Ruched Blouse,BCBGeneration,43.99,https://click.linksynergy.com/link?id=qPknzHQ/PmE&offerid=498776.13747300503&type=2&murl=https%3A%2F%2Fwww.bcbgeneration.com%2FTNW1190793-666.html,BCBGeneration Long Sleeve Ruched Blouse,https://www.bcbgeneration.com/dw/image/v2/AAXX_PRD/on/demandware.static/-/Sites-bcbgeneration-site-catalog/default/dwab6f0288/images/large/TNW1190793_666.jpg?sw=500&sh=791&sm=fit
82,BCBGeneration Long Sleeve Ruched Blouse,BCBGeneration,43.99,https://click.linksynergy.com/link?id=qPknzHQ/PmE&offerid=498776.13747300510&type=2&murl=https%3A%2F%2Fwww.bcbgeneration.com%2FTNW1190793-666.html,BCBGeneration Long Sleeve Ruched Blouse,https://www.bcbgeneration.com/dw/image/v2/AAXX_PRD/on/demandware.static/-/Sites-bcbgeneration-site-catalog/default/dwab6f0288/images/large/TNW1190793_666.jpg?sw=500&sh=791&sm=fit
83,BCBGeneration Shoulder Tie Surplice Jumpsuit,BCBGeneration,48.99,https://click.linksynergy.com/link?id=qPknzHQ/PmE&offerid=498776.13730162351&type=2&murl=https%3A%2F%2Fwww.bcbgeneration.com%2FYDM9174786-001.html,BCBGeneration Shoulder Tie Surplice Jumpsuit,https://www.bcbgeneration.com/dw/image/v2/AAXX_PRD/on/demandware.static/-/Sites-bcbgeneration-site-catalog/default/dwac1155b5/images/large/YDM9174786_001.jpg?sw=500&sh=791&sm=fit
84,BCBGeneration Shoulder Tie Surplice Jumpsuit,BCBGeneration,48.99,https://click.linksynergy.com/link?id=qPknzHQ/PmE&offerid=498776.13730162338&type=2&murl=https%3A%2F%2Fwww.bcbgeneration.com%2FYDM9174786-001.html,BCBGeneration Shoulder Tie Surplice Jumpsuit,https://www.bcbgeneration.com/dw/image/v2/AAXX_PRD/on/demandware.static/-/Sites-bcbgeneration-site-catalog/default/dwac1155b5/images/large/YDM9174786_001.jpg?sw=500&sh=791&sm=fit
85,BCBGeneration Floral Print Bomber Jacket,BCBGeneration,63.99,https://click.linksynergy.com/link?id=qPknzHQ/PmE&offerid=498776.13770208411&type=2&murl=https%3A%2F%2Fwww.bcbgeneration.com%2FZAG4174778-409.html,BCBGeneration Floral Print Bomber Jacket,https://www.bcbgeneration.com/dw/image/v2/AAXX_PRD/on/demandware.static/-/Sites-bcbgeneration-site-catalog/default/dw75d97856/images/large/ZAG4174778_409.jpg?sw=500&sh=791&sm=fit
86,BCBGeneration Striped Flannel Poncho Vest,BCBGeneration,53.99,https://click.linksynergy.com/link?id=qPknzHQ/PmE&offerid=498776.13747300497&type=2&murl=https%3A%2F%2Fwww.bcbgeneration.com%2FZFN4220021-977.html,BCBGeneration Striped Flannel Poncho Vest,https://www.bcbgeneration.com/dw/image/v2/AAXX_PRD/on/demandware.static/-/Sites-bcbgeneration-site-catalog/default/dw859b4a21/images/large/ZFN4220021_977.jpg?sw=500&sh=791&sm=fit
87,BCBGeneration Hooded Anorak Long Jacket,BCBGeneration,88.99,https://click.linksynergy.com/link?id=qPknzHQ/PmE&offerid=498776.13990843104&type=2&murl=https%3A%2F%2Fwww.bcbgeneration.com%2FM13921BG-310.html,BCBGeneration Hooded Anorak Long Jacket,https://www.bcbgeneration.com/dw/image/v2/AAXX_PRD/on/demandware.static/-/Sites-bcbgeneration-site-catalog/default/dwbb100a49/images/large/M13921BG_310.jpg?sw=500&sh=791&sm=fit
88,BCBGeneration Illusion Surplice Mini Dress,BCBGeneration,43.99,https://click.linksynergy.com/link?id=qPknzHQ/PmE&offerid=498776.13773737045&type=2&murl=https%3A%2F%2Fwww.bcbgeneration.com%2FZGU6174767-001.html,BCBGeneration Illusion Surplice Mini Dress,https://www.bcbgeneration.com/dw/image/v2/AAXX_PRD/on/demandware.static/-/Sites-bcbgeneration-site-catalog/default/dw7cd8b8f1/images/large/ZGU6174767_001.jpg?sw=500&sh=791&sm=fit
89,BCBGeneration Wild Flower Shift Dress,BCBGeneration,43.99,https://click.linksynergy.com/link?id=qPknzHQ/PmE&offerid=498776.13944290895&type=2&murl=https%3A%2F%2Fwww.bcbgeneration.com%2FZFK6223526-001.html,BCBGeneration Wild Flower Shift Dress,https://www.bcbgeneration.com/dw/image/v2/AAXX_PRD/on/demandware.static/-/Sites-bcbgeneration-site-catalog/default/dw20aef51f/images/large/ZFK6223526_001.jpg?sw=500&sh=791&sm=fit
90,BCBGeneration Mesh Inset Sheath Dress,BCBGeneration,53.99,https://click.linksynergy.com/link?id=qPknzHQ/PmE&offerid=498776.13770208422&type=2&murl=https%3A%2F%2Fwww.bcbgeneration.com%2FZFP6175023-644.html,BCBGeneration Mesh Inset Sheath Dress,https://www.bcbgeneration.com/dw/image/v2/AAXX_PRD/on/demandware.static/-/Sites-bcbgeneration-site-catalog/default/dw13ed701c/images/large/ZFP6175023_644.jpg?sw=500&sh=791&sm=fit
91,BCBGeneration Wild Flower Surplice Midi Dress,BCBGeneration,43.99,https://click.linksynergy.com/link?id=qPknzHQ/PmE&offerid=498776.13730162102&type=2&murl=https%3A%2F%2Fwww.bcbgeneration.com%2FTYP6169244-001.html,BCBGeneration Wild Flower Surplice Midi Dress,https://www.bcbgeneration.com/dw/image/v2/AAXX_PRD/on/demandware.static/-/Sites-bcbgeneration-site-catalog/default/dw9f309ff3/images/large/TYP6169244_001.jpg?sw=500&sh=791&sm=fit
92,BCBGeneration Mixed Media Cutout Dress,BCBGeneration,58.99,https://click.linksynergy.com/link?id=qPknzHQ/PmE&offerid=498776.13744339414&type=2&murl=https%3A%2F%2Fwww.bcbgeneration.com%2FGEF6172779-001.html,BCBGeneration Mixed Media Cutout Dress,https://www.bcbgeneration.com/dw/image/v2/AAXX_PRD/on/demandware.static/-/Sites-bcbgeneration-site-catalog/default/dw194b9c32/images/large/GEF6172779_001.jpg?sw=500&sh=791&sm=fit
93,BCBGeneration Ruby Suede Ankle Boot,BCBGeneration,68.99,https://click.linksynergy.com/link?id=qPknzHQ/PmE&offerid=498776.13854541706&type=2&murl=https%3A%2F%2Fwww.bcbgeneration.com%2FBC972-001.html,BCBGeneration Ruby Suede Ankle Boot,https://www.bcbgeneration.com/dw/image/v2/AAXX_PRD/on/demandware.static/-/Sites-bcbgeneration-site-catalog/default/dw5d1665b1/images/large/BC972_001.jpg?sw=500&sh=791&sm=fit
94,BCBGeneration Welt Pocket Tuxedo Blazer,BCBGeneration,58.99,https://click.linksynergy.com/link?id=qPknzHQ/PmE&offerid=498776.13730161887&type=2&murl=https%3A%2F%2Fwww.bcbgeneration.com%2FZFP4169939-644.html,BCBGeneration Welt Pocket Tuxedo Blazer,https://www.bcbgeneration.com/dw/image/v2/AAXX_PRD/on/demandware.static/-/Sites-bcbgeneration-site-catalog/default/dw9d021241/images/large/ZFP4169939_644.jpg?sw=500&sh=791&sm=fit
95,BCBGeneration Herringbone Boyfriend Jacket,BCBGeneration,63.99,https://click.linksynergy.com/link?id=qPknzHQ/PmE&offerid=498776.13875627893&type=2&murl=https%3A%2F%2Fwww.bcbgeneration.com%2FZEC41747831-481.html,BCBGeneration Herringbone Boyfriend Jacket,https://www.bcbgeneration.com/dw/image/v2/AAXX_PRD/on/demandware.static/-/Sites-bcbgeneration-site-catalog/default/dw0bfcf6ff/images/large/ZEC41747831_481.jpg?sw=500&sh=791&sm=fit
96,BCBGeneration Floral Cross Front Tee,BCBGeneration,28.99,https://click.linksynergy.com/link?id=qPknzHQ/PmE&offerid=498776.13730162598&type=2&murl=https%3A%2F%2Fwww.bcbgeneration.com%2FZFQ1175900-100.html,BCBGeneration Floral Cross Front Tee,https://www.bcbgeneration.com/dw/image/v2/AAXX_PRD/on/demandware.static/-/Sites-bcbgeneration-site-catalog/default/dw08400669/images/large/ZFQ1175900_100.jpg?sw=500&sh=791&sm=fit
97,BCBGeneration Property of Nobody Muscle Tee,BCBGeneration,23.99,https://click.linksynergy.com/link?id=qPknzHQ/PmE&offerid=498776.13792174222&type=2&murl=https%3A%2F%2Fwww.bcbgeneration.com%2FTZA1201941-100.html,BCBGeneration Property of Nobody Muscle Tee,https://www.bcbgeneration.com/dw/image/v2/AAXX_PRD/on/demandware.static/-/Sites-bcbgeneration-site-catalog/default/dwf59bc191/images/large/TZA1201941_100.jpg?sw=500&sh=791&sm=fit
98,BCBGeneration Ruffle Sleeve A-Line Dress,BCBGeneration,53.99,https://click.linksynergy.com/link?id=qPknzHQ/PmE&offerid=498776.13753541426&type=2&murl=https%3A%2F%2Fwww.bcbgeneration.com%2FTYD6172714-220.html,BCBGeneration Ruffle Sleeve A-Line Dress,https://www.bcbgeneration.com/dw/image/v2/AAXX_PRD/on/demandware.static/-/Sites-bcbgeneration-site-catalog/default/dw2161aaca/images/large/TYD6172714_220.jpg?sw=500&sh=791&sm=fit
99,BCBGeneration Ree Suede Ankle Boot,BCBGeneration,68.99,https://click.linksynergy.com/link?id=qPknzHQ/PmE&offerid=498776.13854541684&type=2&murl=https%3A%2F%2Fwww.bcbgeneration.com%2FBC971-235.html,BCBGeneration Ree Suede Ankle Boot,https://www.bcbgeneration.com/dw/image/v2/AAXX_PRD/on/demandware.static/-/Sites-bcbgeneration-site-catalog/default/dwf213b14b/images/large/BC971_235.jpg?sw=500&sh=791&sm=fit
